<?xml version="1.0" encoding="UTF-8"?>
<config xmlns="http://www.knime.org/2008/09/XMLConfig" xmlns:xsi="http://www.w3.org/2001/XMLSchema-instance" xsi:schemaLocation="http://www.knime.org/2008/09/XMLConfig http://www.knime.org/XMLConfig_2008_09.xsd" key="preprocessing">
    <config key="preprocColumns">
        <entry key="array-size" type="xint" value="15"/>
        <entry key="0" type="xstring" value="lymphatics (to number)"/>
        <entry key="1" type="xstring" value="block_of_affere (to number)"/>
        <entry key="2" type="xstring" value="bl_of_lymph_c (to number)"/>
        <entry key="3" type="xstring" value="bl_of_lymph_s (to number)"/>
        <entry key="4" type="xstring" value="by_pass (to number)"/>
        <entry key="5" type="xstring" value="extravasates (to number)"/>
        <entry key="6" type="xstring" value="regeneration_of (to number)"/>
        <entry key="7" type="xstring" value="early_uptake_in (to number)"/>
        <entry key="8" type="xstring" value="changes_in_lym (to number)"/>
        <entry key="9" type="xstring" value="defect_in_node (to number)"/>
        <entry key="10" type="xstring" value="changes_in_node (to number)"/>
        <entry key="11" type="xstring" value="changes_in_stru (to number)"/>
        <entry key="12" type="xstring" value="special_forms (to number)"/>
        <entry key="13" type="xstring" value="dislocation_of (to number)"/>
        <entry key="14" type="xstring" value="exclusion_of_no (to number)"/>
    </config>
</config>
