<?xml version="1.0" encoding="UTF-8"?>
<config xmlns="http://www.knime.org/2008/09/XMLConfig" xmlns:xsi="http://www.w3.org/2001/XMLSchema-instance" xsi:schemaLocation="http://www.knime.org/2008/09/XMLConfig http://www.knime.org/XMLConfig_2008_09.xsd" key="preprocessing">
    <config key="preprocColumns">
        <entry key="array-size" type="xint" value="6"/>
        <entry key="0" type="xstring" value="buying (to number)"/>
        <entry key="1" type="xstring" value="maint (to number)"/>
        <entry key="2" type="xstring" value="doors (to number)"/>
        <entry key="3" type="xstring" value="persons (to number)"/>
        <entry key="4" type="xstring" value="lug_boot (to number)"/>
        <entry key="5" type="xstring" value="safety (to number)"/>
    </config>
</config>
